job_title,company_text,job_xinzhi,new_url
测试工程师,好汽配,6k-10k,https://www.zhipin.com/job_detail/dcdf4166fefb9de01XV52NW5FlE%7E.html?ka=search_list_1
手机专项测试工程师,联想利泰,5k-7k,https://www.zhipin.com/job_detail/ebf033b7564c064c1XV53Ny-E1A%7E.html?ka=search_list_2
测试工程师（功能测试）,态特,10k-14k,https://www.zhipin.com/job_detail/7921101b351cefa41XV52t2_EFo%7E.html?ka=search_list_3
测试工程师,丝武,5k-7k,https://www.zhipin.com/job_detail/8bfcf906d7142f2b1XV52d-4EFI%7E.html?ka=search_list_4
软件测试工程师,捷科智诚,8k-12k,https://www.zhipin.com/job_detail/71d0e4a7328971bf1XV43ti0FFI%7E.html?ka=search_list_5
测试工程师,人脉通,7k-14k,https://www.zhipin.com/job_detail/a3c68cdc6c4fbdce1XV53Nq0FVo%7E.html?ka=search_list_6
软件测试工程师,网钜科技,7k-9k,https://www.zhipin.com/job_detail/672313d79d8c49d71XV43t64EVI%7E.html?ka=search_list_7
软件测试工程师,识加科技,10k-20k,https://www.zhipin.com/job_detail/3a9ea014652b7f5e1XV-2tq1EVY%7E.html?ka=search_list_8
测试工程师,慧语,15k-30k,https://www.zhipin.com/job_detail/4b14389dbb5524f21XV53tW7FVs%7E.html?ka=search_list_9
测试工程师,隆达软件股份,5k-8k,https://www.zhipin.com/job_detail/10ab8123ab59fac11XV729q_ElY%7E.html?ka=search_list_10
测试工程师,普威信息技术,7k-12k,https://www.zhipin.com/job_detail/ebf5645830b194211XV73d25Fls%7E.html?ka=search_list_11
web测试工程师,Realmax,15k-25k,https://www.zhipin.com/job_detail/b4347469b93295321XV73tq4EFA%7E.html?ka=search_list_12
测试工程师,祝墉,6k-10k,https://www.zhipin.com/job_detail/be3ea1c3ca19f1b61XV72dS-FVQ%7E.html?ka=search_list_13
软件测试工程师,道康互联,8k-12k,https://www.zhipin.com/job_detail/82f482712672359f1XV40tq8FFQ%7E.html?ka=search_list_14
嵌入式软件测试工程师,智易科技上海研发中心,6k-12k,https://www.zhipin.com/job_detail/b1f15fc77bd67ba51XV709m4E1c%7E.html?ka=search_list_15
测试工程师,文枢网络,6k-12k,https://www.zhipin.com/job_detail/e6dcb77d604c05a31XV43tS1GFY%7E.html?ka=search_list_16
软件测试工程师,翼霸网络,6k-9k,https://www.zhipin.com/job_detail/a2c6e4f13cf3eafc1XV739q4E1E%7E.html?ka=search_list_17
测试工程师,智铸科技,8k-10k,https://www.zhipin.com/job_detail/c032febcff6664ca1XV42d66E1E%7E.html?ka=search_list_18
大数据测试工程师（上海）,平安银行,25k-50k,https://www.zhipin.com/job_detail/47ebf1e67cde9c201XV60tW4EVE%7E.html?ka=search_list_19
测试工程师（功能测试）,晓占投资,10k-14k,https://www.zhipin.com/job_detail/625ccbcedc409c4c1XV43Ni1FVQ%7E.html?ka=search_list_20
软件测试工程师,上海感悟,10k-15k,https://www.zhipin.com/job_detail/0fbc0623a63b4b081XV53ti_E1o%7E.html?ka=search_list_21
高级测试工程师,上海太平洋房屋,15k-25k,https://www.zhipin.com/job_detail/daa8081d6c3eabcc1XRy3d-_GFo%7E.html?ka=search_list_22
初级软件测试工程师,上海郡码智能科技,6k-8k,https://www.zhipin.com/job_detail/65eabc616a91f69c1XV52d6-GVI%7E.html?ka=search_list_23
对日软件测试工程师,宝宏软件,6k-10k,https://www.zhipin.com/job_detail/7f679ec9938cea3c1XV609i4FlY%7E.html?ka=search_list_24
系统测试工程师(web网站测试),汉堂,10k-13k,https://www.zhipin.com/job_detail/05fda1820f7ffc161XV40tW-EVo%7E.html?ka=search_list_25
测试工程师,鸭嘴兽供应链,7k-10k,https://www.zhipin.com/job_detail/190aa42f2f344be61XRz29i5ElM%7E.html?ka=search_list_26
测试工程师,群济电子,5k-10k,https://www.zhipin.com/job_detail/aa10b691222ff90e1XRz39m9FFU%7E.html?ka=search_list_27
高级测试工程师,微朋,15k-25k,https://www.zhipin.com/job_detail/67c5bfe67069fb941XV729S4EFs%7E.html?ka=search_list_28
APP测试工程师,追书神器,8k-10k,https://www.zhipin.com/job_detail/9a52a1a39ea89a161XR90t6-F1Q%7E.html?ka=search_list_29
软件测试工程师,直真科技,6k-8k,https://www.zhipin.com/job_detail/020a51c50cf6f01e1XV639q1FVA%7E.html?ka=search_list_30
硬件测试工程师,耘申科技,5k-7k,https://www.zhipin.com/job_detail/1a08d6ece526271a1XV63tu7FFs%7E.html?ka=search_list_31
软件测试工程师,崇杏健康,8k-12k,https://www.zhipin.com/job_detail/9adbe01258aaf8851XV62N66EFo%7E.html?ka=search_list_32
食品常规理化测试工程师,Intertek,5k-8k,https://www.zhipin.com/job_detail/af064e575c1761251XV40t2_GVI%7E.html?ka=search_list_33
测试工程师,励铖软件,6k-10k,https://www.zhipin.com/job_detail/b61689fa74103c961XV609i-EFs%7E.html?ka=search_list_34
测试工程师,沿汇文化,5k-8k,https://www.zhipin.com/job_detail/65c155e4161ff1251XR909y0GVs%7E.html?ka=search_list_35
测试工程师（功能测试）,态特,10k-14k,https://www.zhipin.com/job_detail/42e901cbfd9fe1e41XV529S7FlY%7E.html?ka=search_list_36
测试工程师,蓝芝麻智能科技,8k-15k,https://www.zhipin.com/job_detail/2b9891084788c4eb1XRy09S8GFQ%7E.html?ka=search_list_37
测试工程师,Realmax,6k-12k,https://www.zhipin.com/job_detail/41fd43cb1ea1ca9c1XV73ti4FFA%7E.html?ka=search_list_38
高级测试工程师/测试经理,小虫数据科技,16k-22k,https://www.zhipin.com/job_detail/bf5e3a4e030489eb1XV62tm-FVs%7E.html?ka=search_list_39
软件测试工程师,兴融联科技,10k-15k,https://www.zhipin.com/job_detail/83c0685ced8e99df1XV62921FFo%7E.html?ka=search_list_40
测试工程师（硬件测试）,联想利泰,10k-18k,https://www.zhipin.com/job_detail/dab05a9b548faf3f1XR93969GVA%7E.html?ka=search_list_41
测试工程师（上海）,纬创,11k-22k,https://www.zhipin.com/job_detail/7f27c64ff5f8643f1XV-2N26FlM%7E.html?ka=search_list_42
软件测试工程师,2144游戏,10k-15k,https://www.zhipin.com/job_detail/8b8748d95a7676771XRy3N-7FFA%7E.html?ka=search_list_43
测试工程师,纬创,10k-20k,https://www.zhipin.com/job_detail/3e6b008e9675be151XV-2dq0FVU%7E.html?ka=search_list_44
测试工程师,元拓科技,8k-16k,https://www.zhipin.com/job_detail/04b77de374ffa7e31XV-2N27ElQ%7E.html?ka=search_list_45
软件测试工程师,上海美测,6k-9k,https://www.zhipin.com/job_detail/9cb45acac27795e51XR929-_GFE%7E.html?ka=search_list_46
测试工程师,羽勒网络科技,15k-25k,https://www.zhipin.com/job_detail/ff80a7265942e0a81XRz3N24FVY%7E.html?ka=search_list_47
测试工程师,上海旭胜,9k-18k,https://www.zhipin.com/job_detail/569d9ec2dca0eadf1XR90tS-E1U%7E.html?ka=search_list_48
测试工程师,长亮科技,9k-10k,https://www.zhipin.com/job_detail/dbc2314d54a020121XV-2d60FFA%7E.html?ka=search_list_49
高级测试工程师（android）,WiFi万能钥匙,20k-30k,https://www.zhipin.com/job_detail/d74950d5c578c6cc1XR-292_FFs%7E.html?ka=search_list_50
5G解决方案测试工程师,华为,13k-20k,https://www.zhipin.com/job_detail/ab400e5e51cd19f21XV-2tq6FFA%7E.html?ka=search_list_51
测试工程师,维信金科,12k-13k,https://www.zhipin.com/job_detail/0a7c1474a29268531XV-2d-5Elc%7E.html?ka=search_list_52
区块链测试工程师,第九城市,18k-36k,https://www.zhipin.com/job_detail/79cc86e072ceda051XV72Ni1EFU%7E.html?ka=search_list_53
助理测试工程师,联想利泰,5k-7k,https://www.zhipin.com/job_detail/53fbd7887255ccc71XV60961E1s%7E.html?ka=search_list_54
手机测试工程师,态特,7k-12k,https://www.zhipin.com/job_detail/8e1c5bb09cd89efc1XR_3d64E1M%7E.html?ka=search_list_55
测试工程师-黑盒测试,上海威擎,10k-15k,https://www.zhipin.com/job_detail/9a3fba7c7f6953a41XR-3Ny5EFo%7E.html?ka=search_list_56
软件测试工程师,成长保,10k-15k,https://www.zhipin.com/job_detail/7c7c3eb166093fe21XV-2Ny7EFM%7E.html?ka=search_list_57
测试工程师,青客公寓,10k-15k,https://www.zhipin.com/job_detail/111c499a9314620c1XV-2ti8FlU%7E.html?ka=search_list_58
Web测试工程师,径硕,6k-10k,https://www.zhipin.com/job_detail/2702eb89539bb4511XRy3dm1FFQ%7E.html?ka=search_list_59
测试工程师,归墟电子,3k-6k,https://www.zhipin.com/job_detail/2c0e9943a73b4c101XR90t-0EVU%7E.html?ka=search_list_60
测试工程师 (MJ001426),高顿教育集团,8k-12k,https://www.zhipin.com/job_detail/f4901b516a1048091XV-29y-GVc%7E.html?ka=search_list_61
测试工程师,上海高骏精视,4k-8k,https://www.zhipin.com/job_detail/bba4036205757d511XV62tS9GFY%7E.html?ka=search_list_62
初级测试工程师,潇谦互联网金融公司,8k-15k,https://www.zhipin.com/job_detail/6abecd35f75e823c1XR53N--F1I%7E.html?ka=search_list_63
软件测试工程师,赢时胜,7k-12k,https://www.zhipin.com/job_detail/e529a4a558d0af0a1XV50tW5GVo%7E.html?ka=search_list_64
测试工程师,文思海辉,10k-18k,https://www.zhipin.com/job_detail/846f74e2c1a98c891XV52dS_GVQ%7E.html?ka=search_list_65
测试工程师,大连安普诺克,9k-12k,https://www.zhipin.com/job_detail/1f8099d7e0d324701XV-2Ny8E1o%7E.html?ka=search_list_66
测试工程师（GD）,大连安普诺克,10k-12k,https://www.zhipin.com/job_detail/7eac947ecae315981XV-2Ny8EFc%7E.html?ka=search_list_67
软件测试工程师,优文途新科技,5k-10k,https://www.zhipin.com/job_detail/7666871468b0cc8f1XR509i6FVE%7E.html?ka=search_list_68
测试工程师,南京融翼,8k-12k,https://www.zhipin.com/job_detail/ae888c86ae5906bc1XV50tS9ElQ%7E.html?ka=search_list_69
测试工程师,运满满,15k-25k,https://www.zhipin.com/job_detail/237571b04a30fcd21XV53tq9EVc%7E.html?ka=search_list_70
测试工程师,悦商科技,8k-16k,https://www.zhipin.com/job_detail/3acc71f911bc8fdf1XV-2tu5E1Y%7E.html?ka=search_list_71
中级测试工程师,云族佳,8k-14k,https://www.zhipin.com/job_detail/4b1fb777a93b30491XV53t-0EVE%7E.html?ka=search_list_72
测试工程师,上海乔丽尔医疗美容,12k-18k,https://www.zhipin.com/job_detail/fd78f0cf8a972b2b1XV509u8FFE%7E.html?ka=search_list_73
测试工程师-张江,宏远科创软件公司,8k-12k,https://www.zhipin.com/job_detail/718ac7505d3a2ff71XV-2Ny6FlQ%7E.html?ka=search_list_74
测试工程师-功能测试,上海威擎,7k-9k,https://www.zhipin.com/job_detail/7e1c9fb35e99c9851XR_2d-6FlQ%7E.html?ka=search_list_75
上海测试工程师,大连信达智诚,6k-12k,https://www.zhipin.com/job_detail/5c2ff557bcdb3e471XV-2di7EFI%7E.html?ka=search_list_76
测试工程师,士诺,5k-8k,https://www.zhipin.com/job_detail/08e0128932b169081XR-0tq5GFU%7E.html?ka=search_list_77
测试工程师,Sagreen,15k-30k,https://www.zhipin.com/job_detail/2cf083302dbc5a531XR-3ty0F1c%7E.html?ka=search_list_78
地图测试工程师,上海微创软件,8k-10k,https://www.zhipin.com/job_detail/672163fc4c477ff81XV52tm9Els%7E.html?ka=search_list_79
测试工程师,华辰优安,10k-15k,https://www.zhipin.com/job_detail/50464597ad87b1d01XR509i8EVM%7E.html?ka=search_list_80
测试工程师,别样红,10k-15k,https://www.zhipin.com/job_detail/91040e13a3df67d61XV53Ny7FFM%7E.html?ka=search_list_81
软件测试工程师,数云信息,10k-15k,https://www.zhipin.com/job_detail/c80de1fddfd57f8c1XV50t-1EVE%7E.html?ka=search_list_82
测试工程师,优拜单车,7k-14k,https://www.zhipin.com/job_detail/742676567450df851XR80tS1EFM%7E.html?ka=search_list_83
APP测试工程师,锐雅,8k-12k,https://www.zhipin.com/job_detail/51f2ac10d2706e5d1XR63Nu5GFQ%7E.html?ka=search_list_84
测试工程师,赛康美,6k-12k,https://www.zhipin.com/job_detail/2561d6d53610e03a1XV539q4FFA%7E.html?ka=search_list_85
软件测试工程师,云知声,10k-20k,https://www.zhipin.com/job_detail/52fe62894e0429ff1XV50tS1FFU%7E.html?ka=search_list_86
软件测试工程师,共睿科技,8k-15k,https://www.zhipin.com/job_detail/c22243de933947a01XV53N29E1M%7E.html?ka=search_list_87
中高级软件测试工程师（金融）,捷科智诚,7k-14k,https://www.zhipin.com/job_detail/1e290476925dba3e1XV40t-9E1E%7E.html?ka=search_list_88
测试工程师,上海爱数,8k-15k,https://www.zhipin.com/job_detail/494d543b33f8516a1XV529q5FFQ%7E.html?ka=search_list_89
APP测试工程师,大连华信计算机,8k-12k,https://www.zhipin.com/job_detail/98ba245b710de47c1XV-2961GFM%7E.html?ka=search_list_90
测试工程师,智和信息,12k-18k,https://www.zhipin.com/job_detail/d1830d59c9ee22351XV50tu-FVU%7E.html?ka=search_list_91
初级测试工程师,联想利泰,5k-6k,https://www.zhipin.com/job_detail/20d2e43d5e56c7dc1XV50t-0FVA%7E.html?ka=search_list_92
测试工程师,中科软科技,6k-9k,https://www.zhipin.com/job_detail/00944605b10b87b81n1-3NS8Elc%7E.html?ka=search_list_93
软件测试工程师,亿达信息,8k-13k,https://www.zhipin.com/job_detail/7386c926c719eea91XV409u5E1s%7E.html?ka=search_list_94
初级测试工程师,绎维软件,4k-7k,https://www.zhipin.com/job_detail/b923a3d907c7f4c61XV53dS_ElY%7E.html?ka=search_list_95
测试工程师（黑盒）,Telenav,9k-14k,https://www.zhipin.com/job_detail/3fd13a4ffb05813e1XV53t2_FVI%7E.html?ka=search_list_96
银行软件测试工程师,捷科智诚,8k-15k,https://www.zhipin.com/job_detail/b9311459c1f3148b1XV43tW8EFM%7E.html?ka=search_list_97
测试工程师,智阳网络技术有限公司,8k-15k,https://www.zhipin.com/job_detail/2b152d531def94c81XV53t-4FFQ%7E.html?ka=search_list_98
测试工程师,锐捷网络,8k-15k,https://www.zhipin.com/job_detail/13d41509e9b510a51XV40924EFI%7E.html?ka=search_list_99
测试工程师,磁金融,8k-12k,https://www.zhipin.com/job_detail/293d03582072a3671XV52Nu9GVI%7E.html?ka=search_list_100
研发测试工程师,上交所技术,18k-28k,https://www.zhipin.com/job_detail/39cf516cee8748e21XV52t-5FlA%7E.html?ka=search_list_101
导航测试工程师,知迪汽车,14k-18k,https://www.zhipin.com/job_detail/cb1cbdec2a7fc2961XV52t60GFA%7E.html?ka=search_list_102
测试工程师,海魄,10k-18k,https://www.zhipin.com/job_detail/35980f01c11f67981XV52tu6EFs%7E.html?ka=search_list_103
测试工程师（英文流利）,华钦科技,13k-16k,https://www.zhipin.com/job_detail/d6e445cfecd5b6a11XV509m4GVU%7E.html?ka=search_list_104
测试工程师,贝瑞佳母婴,8k-12k,https://www.zhipin.com/job_detail/58fb5517b284f5201XV409-_GFI%7E.html?ka=search_list_105
web测试工程师,华钦科技,12k-15k,https://www.zhipin.com/job_detail/268b6d297def01ee1XV53N-4FlM%7E.html?ka=search_list_106
高级测试工程师,喜马拉雅FM,15k-20k,https://www.zhipin.com/job_detail/1a8cf46423336f731XV52dS8F1c%7E.html?ka=search_list_107
测试工程师,上海利莫,6k-10k,https://www.zhipin.com/job_detail/cb46977f4c470b1e1XR63Ni1E1A%7E.html?ka=search_list_108
微生物测试工程师,Intertek,5k-8k,https://www.zhipin.com/job_detail/957bec49c3cfcb5f1XV40t29Flc%7E.html?ka=search_list_109
测试工程师,妙盈,16k-25k,https://www.zhipin.com/job_detail/3566a49f8a4ee58b1XV52N2-GVA%7E.html?ka=search_list_110
测试工程师,土拨鼠,7k-10k,https://www.zhipin.com/job_detail/4feb52d078a6d58b1n192dy-F1M%7E.html?ka=search_list_111
测试工程师,中软国际,13k-18k,https://www.zhipin.com/job_detail/9299f66ce29e6bc61XV5396_E1E%7E.html?ka=search_list_112
测试工程师,上海锐劲实业有限公司,5k-8k,https://www.zhipin.com/job_detail/94d50b8d2814c8d81XV539y4GFE%7E.html?ka=search_list_113
软件测试工程师,天玑科技,3k-5k,https://www.zhipin.com/job_detail/50fd34fe644ca9da1n1_3Ny0F1U%7E.html?ka=search_list_114
测试工程师,一豆信息,7k-10k,https://www.zhipin.com/job_detail/1221e2069ca0b76f1XV52tW7EVI%7E.html?ka=search_list_115
测试工程师,七通网络,6k-7k,https://www.zhipin.com/job_detail/9135857044f5c1ba1XV-29S8FlY%7E.html?ka=search_list_116
测试工程师,artree,10k-20k,https://www.zhipin.com/job_detail/f389d237922054681XV52N-9ElY%7E.html?ka=search_list_117
测试工程师,态特,10k-14k,https://www.zhipin.com/job_detail/52a9745bd82780dd1XV43Nq0F1A%7E.html?ka=search_list_118
测试工程师,瀚银科技,10k-15k,https://www.zhipin.com/job_detail/410e2b96f98e591e1XV43Nu-GVY%7E.html?ka=search_list_119
测试工程师,软通动力,9k-15k,https://www.zhipin.com/job_detail/3dd5b156f21678ad1n183dy0GFU%7E.html?ka=search_list_120
测试工程师,科巧科技,13k-15k,https://www.zhipin.com/job_detail/c317abc4dba4d3d81XV50tu0GVY%7E.html?ka=search_list_121
测试工程师,蔚来汽车,10k-15k,https://www.zhipin.com/job_detail/5cfc29891964f3761XV529-4F1U%7E.html?ka=search_list_122
软件测试工程师,共睿科技,8k-15k,https://www.zhipin.com/job_detail/cda6c119c002bc2e1XV50tu5EFM%7E.html?ka=search_list_123
高级测试工程师,携程旅行网,13k-20k,https://www.zhipin.com/job_detail/012d118ff721b40a1XV43du5Flc%7E.html?ka=search_list_124
医疗软件测试工程师,上海利连,7k-13k,https://www.zhipin.com/job_detail/ed227d91d3b843ac1XV509W4GFU%7E.html?ka=search_list_125
系统测试工程师(渠道sdk测试),汉堂,10k-15k,https://www.zhipin.com/job_detail/a43fa13e5f80ba601XV40tq0GFM%7E.html?ka=search_list_126
助理测试工程师,联想利泰,5k-7k,https://www.zhipin.com/job_detail/31db1547f1e5eed81XV52tS7GVY%7E.html?ka=search_list_127
Modem测试工程师,联想利泰,7k-10k,https://www.zhipin.com/job_detail/e8f533675f5055ad1XV52dW4Flc%7E.html?ka=search_list_128
软件测试工程师,华信众和,12k-18k,https://www.zhipin.com/job_detail/7a79fedb64558b341n1z2t27Elo%7E.html?ka=search_list_129
软件测试工程师,上海讯锡,15k-18k,https://www.zhipin.com/job_detail/ddb11e2d83aa61d01XV40tm_F1s%7E.html?ka=search_list_130
软件测试工程师,知藏,18k-25k,https://www.zhipin.com/job_detail/80d6e40670edf5021XV-29-8ElA%7E.html?ka=search_list_131
TP/Stylus测试工程师,联想利泰,8k-16k,https://www.zhipin.com/job_detail/9f2609e72630836c1XV52d2-EVY%7E.html?ka=search_list_132
高级软件测试工程师,DaDa  ,15k-25k,https://www.zhipin.com/job_detail/82b0cdba4b9505541XV52Ny1ElU%7E.html?ka=search_list_133
AR/VR测试工程师,联想利泰,10k-15k,https://www.zhipin.com/job_detail/11892c76e249e0b31XV52du9EFM%7E.html?ka=search_list_134
高级ATE测试工程师,英飞凌,9k-15k,https://www.zhipin.com/job_detail/fff106fc679fd50b1XV53ty9E1Y%7E.html?ka=search_list_135
测试工程师,百灵鸟,20k-40k,https://www.zhipin.com/job_detail/36f0db28a1b4f43f1XV40tu_E1s%7E.html?ka=search_list_136
测试工程师,阳光海纳,5k-7k,https://www.zhipin.com/job_detail/ca38afe79f09c9c81XV43dy1EVo%7E.html?ka=search_list_137
软件测试工程师,捷科智诚,8k-12k,https://www.zhipin.com/job_detail/3de8d0722ebad86d1XV52ty5GFE%7E.html?ka=search_list_138
测试工程师,平安好医生,20k-25k,https://www.zhipin.com/job_detail/1c3a1ba094db41cb1XV43Nm0EVM%7E.html?ka=search_list_139
仪器分析测试工程师,Intertek,5k-9k,https://www.zhipin.com/job_detail/79bc87aec9a166fe1XV43926GFo%7E.html?ka=search_list_140
高级测试工程师,易果生鲜,10k-20k,https://www.zhipin.com/job_detail/820439ca12bdeb9f1XV409y0ElM%7E.html?ka=search_list_141
测试工程师,木蚁机器人,3k-6k,https://www.zhipin.com/job_detail/050857e51c9dc96c1n1z29m9Els%7E.html?ka=search_list_142
资深测试工程师,秦苍科技,15k-25k,https://www.zhipin.com/job_detail/bedbd32e0026deba1XV43tq7EFQ%7E.html?ka=search_list_143
测试工程师,卫健家,10k-20k,https://www.zhipin.com/job_detail/2fb568113afa27071XV53ti9GVU%7E.html?ka=search_list_144
NVH振动噪声测试工程师,泛像汽车,6k-10k,https://www.zhipin.com/job_detail/26b636169edd0b7e1XR709q6E1E%7E.html?ka=search_list_145
测试工程师,中软国际,10k-15k,https://www.zhipin.com/job_detail/67077dee664d9ffd1XV729-9FVI%7E.html?ka=search_list_146
测试工程师,爱回收,10k-20k,https://www.zhipin.com/job_detail/5aeb49a26fc1901c1XV739q6ElQ%7E.html?ka=search_list_147
测试工程师,上海高骏精视,9k-12k,https://www.zhipin.com/job_detail/b1a791a8f2ae09121n1y2d27GFA%7E.html?ka=search_list_148
软件测试工程师,嗨回收,7k-14k,https://www.zhipin.com/job_detail/50d8be1644e1487b1XRy39W7EVI%7E.html?ka=search_list_149
测试工程师,上海艾艺,10k-15k,https://www.zhipin.com/job_detail/eaf547aadc781f171XR72NS0FlE%7E.html?ka=search_list_150
中高级测试工程师-上海,捷科智诚,8k-16k,https://www.zhipin.com/job_detail/d6d07fbc9493f1a21n1529W5EFA%7E.html?ka=search_list_151
高级测试工程师,来店,12k-18k,https://www.zhipin.com/job_detail/84f7355e03114e7d1XR439-7Elo%7E.html?ka=search_list_152
测试工程师,海魄,13k-18k,https://www.zhipin.com/job_detail/4f515478ac348abb1XV52t-_EVU%7E.html?ka=search_list_153
高级测试工程师,赞同科技,12k-18k,https://www.zhipin.com/job_detail/137bd85193f534fc1nxy3NW5ElU%7E.html?ka=search_list_154
黑盒测试工程师,无熵信息科技,15k-25k,https://www.zhipin.com/job_detail/9566fe15ae0535a61XR92t65GVI%7E.html?ka=search_list_155
高级测试工程师,最会保,12k-17k,https://www.zhipin.com/job_detail/48ec842d16d546041XV52d-8GVA%7E.html?ka=search_list_156
硬件测试工程师（18届毕业生）,龙旗科技,6k-8k,https://www.zhipin.com/job_detail/079669568b822bfd1nx839-8GVE%7E.html?ka=search_list_157
测试工程师,文思海辉技术,10k-15k,https://www.zhipin.com/job_detail/f1e03d11ce7cb61c1XV639S-GVA%7E.html?ka=search_list_158
web测试工程师,Oray,8k-10k,https://www.zhipin.com/job_detail/9881ba9a59c262ae1XV429-7FFA%7E.html?ka=search_list_159
高级测试工程师,迪原创新,8k-12k,https://www.zhipin.com/job_detail/25dd8031b6bdef801XV409S_GVY%7E.html?ka=search_list_160
软件测试工程师,吉联,8k-12k,https://www.zhipin.com/job_detail/3630b60339acdfbe1XV72NW4FFE%7E.html?ka=search_list_161
测试工程师,上海钢联,8k-12k,https://www.zhipin.com/job_detail/3a234465a60151831XV63du6EFo%7E.html?ka=search_list_162
测试工程师,纬创,9k-13k,https://www.zhipin.com/job_detail/0622f5d18d0fa2391XV62Nm_GFo%7E.html?ka=search_list_163
软件测试工程师,桑田智能,9k-10k,https://www.zhipin.com/job_detail/e3264e8fcf97e9b81n140tW9EFY%7E.html?ka=search_list_164
高级测试工程师,瀚银科技,10k-15k,https://www.zhipin.com/job_detail/f96172e999d8af561XV43NW-ElY%7E.html?ka=search_list_165
资深测试工程师（财务系统）,一条,16k-23k,https://www.zhipin.com/job_detail/108ae308bf4612ad1XV52d2-F1I%7E.html?ka=search_list_166
测试工程师,海万科技,8k-12k,https://www.zhipin.com/job_detail/6540a752d2a611aa1XV609y9GVc%7E.html?ka=search_list_167
整车测试工程师,恒馨科技,15k-20k,https://www.zhipin.com/job_detail/2ee4ac1ffe10141f1XR63dS7E1I%7E.html?ka=search_list_168
测试工程师,上海莫凡,5k-6k,https://www.zhipin.com/job_detail/7ae09d6292cf68361XV52Ny0ElU%7E.html?ka=search_list_169
测试工程师,上海美萌软件科技,6k-11k,https://www.zhipin.com/job_detail/272faecb176974c61nxz39q8FFo%7E.html?ka=search_list_170
APP测试工程师,笑溢网络科技,5k-10k,https://www.zhipin.com/job_detail/2df487a4b492ae771XRz0t--EFQ%7E.html?ka=search_list_171
测试工程师,瓦戈科技,6k-12k,https://www.zhipin.com/job_detail/dc77afe6c0fbe29b1XV43NW0E1s%7E.html?ka=search_list_172
软件测试工程师,上海西信信息,7k-12k,https://www.zhipin.com/job_detail/a78b2094e754c3f41n192Nq_GVY%7E.html?ka=search_list_173
软件测试工程师,WallTech,7k-10k,https://www.zhipin.com/job_detail/3e219571951fc28b1XV43Ny8FFc%7E.html?ka=search_list_174
资深测试工程师,平安科技,15k-25k,https://www.zhipin.com/job_detail/945bd55a687759261XV63966E1U%7E.html?ka=search_list_175
测试工程师,上海美萌软件科技,6k-10k,https://www.zhipin.com/job_detail/fb498d63129af0db1XV52d-7FFI%7E.html?ka=search_list_176
财务系统高级测试工程师,易果,13k-25k,https://www.zhipin.com/job_detail/0dc917c563dd68ee1XV429u9E1Y%7E.html?ka=search_list_177
日语测试工程师,亿达信息,5k-6k,https://www.zhipin.com/job_detail/229e3d7a0902cac41XR93N66GVE%7E.html?ka=search_list_178
软件测试工程师,博奥特,8k-13k,https://www.zhipin.com/job_detail/5248eae34caca9761XV73d27F1A%7E.html?ka=search_list_179
测试工程师,深兰科技,9k-18k,https://www.zhipin.com/job_detail/0099ac211ce296ba1XV629q1EFM%7E.html?ka=search_list_180
软件测试工程师,e代理,13k-17k,https://www.zhipin.com/job_detail/baf1c380cf2711371XV739u_EVo%7E.html?ka=search_list_181
高级测试工程师,泰璞股份,15k-25k,https://www.zhipin.com/job_detail/54a59427efe3bf7f1XV729y1Fls%7E.html?ka=search_list_182
游戏测试工程师,暖暖游戏,8k-12k,https://www.zhipin.com/job_detail/ab4643caed50ceaa1XV73d60EFo%7E.html?ka=search_list_183
广告平台测试工程师,车轮互联,8k-15k,https://www.zhipin.com/job_detail/e3f5ede0cd90014e1XV43N6-GVQ%7E.html?ka=search_list_184
APP测试工程师,锐雅,8k-12k,https://www.zhipin.com/job_detail/514ebd3f70fe4f031XR62d69FlY%7E.html?ka=search_list_185
高级测试工程师,魔方元科技,20k-30k,https://www.zhipin.com/job_detail/9c094cbfee63086e1n172Ny4F1M%7E.html?ka=search_list_186
测试工程师,上海麦琪,11k-13k,https://www.zhipin.com/job_detail/5115ccb4d519b4501XV70ti7GFU%7E.html?ka=search_list_187
软件测试工程师,久科,8k-13k,https://www.zhipin.com/job_detail/b69e6a983aa308531n182d-5EVU%7E.html?ka=search_list_188
测试工程师,赞同科技,6k-12k,https://www.zhipin.com/job_detail/ab4ccb4f23d2ba2f1XV629-7F1A%7E.html?ka=search_list_189
高级测试工程师,软通动力,10k-20k,https://www.zhipin.com/job_detail/7fe485474b5881f71XV73d61FVI%7E.html?ka=search_list_190
测试工程师,米飞网络,8k-12k,https://www.zhipin.com/job_detail/c38308f9e587440d1n152du5Elo%7E.html?ka=search_list_191
测试工程师,上海彩池资产管理,10k-20k,https://www.zhipin.com/job_detail/db01d1d615b5b3901XV70920EVE%7E.html?ka=search_list_192
测试工程师,普华永道,12k-18k,https://www.zhipin.com/job_detail/ba52427405b530081XRz0tW8EVs%7E.html?ka=search_list_193
上海银行测试工程师,软通动力,7k-14k,https://www.zhipin.com/job_detail/62816df945322b4d1nN82N69F1o%7E.html?ka=search_list_194
中级测试工程师,优氏教育,10k-15k,https://www.zhipin.com/job_detail/2e9b8821650a952a1n1929m4EVo%7E.html?ka=search_list_195
软件测试工程师,联想利泰,5k-7k,https://www.zhipin.com/job_detail/8ce6e5682cab257f1nxz3tS5FlU%7E.html?ka=search_list_196
测试工程师,上海店达信息,8k-15k,https://www.zhipin.com/job_detail/94fb5e0c146f303a1XV62NW8FVY%7E.html?ka=search_list_197
软件测试工程师,优梦信息科技,10k-15k,https://www.zhipin.com/job_detail/697d0ac2f40496a51n180tq9F1Q%7E.html?ka=search_list_198
测试工程师,百敖软件,10k-18k,https://www.zhipin.com/job_detail/7d58e03d95a6460f1n153ti-FFM%7E.html?ka=search_list_199
测试工程师,平安银行,20k-30k,https://www.zhipin.com/job_detail/aa04c6543ab05e3e1XV60tS9EFo%7E.html?ka=search_list_200
软件测试工程师,泛微软件,6k-10k,https://www.zhipin.com/job_detail/8bd1fd8d210fcc5b1XRz3Ni6FFI%7E.html?ka=search_list_201
测试工程师,丞策信息科技,10k-15k,https://www.zhipin.com/job_detail/bc4d22cdf4b529121XV73926F1I%7E.html?ka=search_list_202
软件测试工程师,苏宁云商,10k-19k,https://www.zhipin.com/job_detail/e346c103a8d694e61XRy0tS-EFs%7E.html?ka=search_list_203
资深软件测试工程师,橙载,15k-30k,https://www.zhipin.com/job_detail/9d7a9eeac0d02bc81n153dq6F1Q%7E.html?ka=search_list_204
测试工程师,深兰科技,10k-20k,https://www.zhipin.com/job_detail/c75a77eb749f3fc11n153d-9EFU%7E.html?ka=search_list_205
高级/资深测试工程师,达家迎,20k-40k,https://www.zhipin.com/job_detail/08cfef28ec7cfde01XRz3dS_FVA%7E.html?ka=search_list_206
防火测试工程师,Intertek,7k-12k,https://www.zhipin.com/job_detail/8ac2d995b6b80c371XV609q0EVQ%7E.html?ka=search_list_207
硬件测试工程师,上海谷米,6k-10k,https://www.zhipin.com/job_detail/8858b1ece78471781XV62Ni8Fls%7E.html?ka=search_list_208
测试工程师,腾讯,15k-30k,https://www.zhipin.com/job_detail/543fdbe531b0f93c1XV629u8F1M%7E.html?ka=search_list_209
测试工程师,网达软件,8k-12k,https://www.zhipin.com/job_detail/fe6df448b6a4fd141XV4092_FFA%7E.html?ka=search_list_210
中高级软件测试工程师,上海南天,8k-15k,https://www.zhipin.com/job_detail/a514e5b9472ce8e61XV62Ni8F1o%7E.html?ka=search_list_211
软件测试工程师,上海郡码智能科技,10k-15k,https://www.zhipin.com/job_detail/ce220ffefd7525c81XV52d68FFI%7E.html?ka=search_list_212
测试工程师,mo9,9k-16k,https://www.zhipin.com/job_detail/1df5c06e53efd4b11XRy09S5GVE%7E.html?ka=search_list_213
测试工程师,快牛金科,15k-25k,https://www.zhipin.com/job_detail/d299b06dd4577df81XV639y4Flo%7E.html?ka=search_list_214
硬件测试工程师,上海常仁,6k-8k,https://www.zhipin.com/job_detail/b7d7e4acf10f5bfe1n152du4ElA%7E.html?ka=search_list_215
高级测试工程师,小站教育,15k-25k,https://www.zhipin.com/job_detail/dcfec1a489bb2dda1XR83d--EFo%7E.html?ka=search_list_216
高级测试工程师,秉坤,15k-20k,https://www.zhipin.com/job_detail/4ed518bdcf306b161XV72Nm0EVo%7E.html?ka=search_list_217
测试工程师（上海）,百得思维,9k-18k,https://www.zhipin.com/job_detail/3c738f3c2dc403ea1XV63NW9GVE%7E.html?ka=search_list_218
测试工程师,一号集市,11k-22k,https://www.zhipin.com/job_detail/185012b13239e41c1XV42N64FlU%7E.html?ka=search_list_219
测试工程师,复星云济信息,15k-16k,https://www.zhipin.com/job_detail/458d6a317e05ff6b1XV62Nm5E1I%7E.html?ka=search_list_220
高级测试工程师,仁辉科技,15k-25k,https://www.zhipin.com/job_detail/d8bb5f3fe658f05a1XR709S6GVE%7E.html?ka=search_list_221
测试工程师,优氏教育,10k-18k,https://www.zhipin.com/job_detail/81cac81d4bb68efd1n1939y1FlA%7E.html?ka=search_list_222
软件测试工程师,携程旅行网,16k-25k,https://www.zhipin.com/job_detail/d4b1262bb09816a31XRy39W7ElQ%7E.html?ka=search_list_223
软件测试工程师,爱救信息科技,10k-20k,https://www.zhipin.com/job_detail/edc6c4c2879182d01XR63tu0FlM%7E.html?ka=search_list_224
测试工程师,真牛科技,8k-9k,https://www.zhipin.com/job_detail/f95f6ff0afca15bb1XV62NW6EFY%7E.html?ka=search_list_225
测试工程师,惠锁屏,7k-14k,https://www.zhipin.com/job_detail/86e59ad7c5af62c21XV739W4E1c%7E.html?ka=search_list_226
测试工程师,苏州科达,8k-15k,https://www.zhipin.com/job_detail/b6980fac8f11438b1XRz2dy4ElU%7E.html?ka=search_list_227
软件测试工程师（淞虹路）,普威信息技术,9k-18k,https://www.zhipin.com/job_detail/793455252b3637431XRz3dq9EFM%7E.html?ka=search_list_228
测试工程师,纬创,8k-10k,https://www.zhipin.com/job_detail/baae413535f990f81XV709q6EVQ%7E.html?ka=search_list_229
软件测试工程师,仙人掌股票,8k-12k,https://www.zhipin.com/job_detail/e8521143afdc1ec91XV62N-1GVY%7E.html?ka=search_list_230
测试工程师,摩贝,10k-18k,https://www.zhipin.com/job_detail/36577b79082caca41XR90t60FFU%7E.html?ka=search_list_231
软件测试工程师（SH）,上海融吉,12k-18k,https://www.zhipin.com/job_detail/0dd51435800e6d1b1XV72tq9GVo%7E.html?ka=search_list_232
测试工程师,创昱达科技,6k-8k,https://www.zhipin.com/job_detail/d13a81da725212891nNz3di0Flo%7E.html?ka=search_list_233
金融软件测试工程师,捷科智诚,8k-16k,https://www.zhipin.com/job_detail/74e24a0e079353871n140t29GFc%7E.html?ka=search_list_234
测试工程师,苏州微浪科技,11k-16k,https://www.zhipin.com/job_detail/e6fe2d43ae2bd7d61XV72dS8GFA%7E.html?ka=search_list_235
软件测试工程师,极元管理,6k-9k,https://www.zhipin.com/job_detail/a2b6a2a370a35b901n170tq8F1E%7E.html?ka=search_list_236
数据测试工程师,陆金所,13k-26k,https://www.zhipin.com/job_detail/a3e2e5fc30367daa1XV62tW0GFQ%7E.html?ka=search_list_237
手机测试工程师,晓占投资,7k-11k,https://www.zhipin.com/job_detail/d8fdfda2fd9d70ba1XR_3Nu4FVo%7E.html?ka=search_list_238
测试工程师,上海澜赢,5k-7k,https://www.zhipin.com/job_detail/c0274ad350e0dbcf1XRz0ty0FVc%7E.html?ka=search_list_239
测试工程师,上海宝燕投资集团,10k-15k,https://www.zhipin.com/job_detail/c65c489ac04bfaeb1XV73d61Flc%7E.html?ka=search_list_240
高级测试工程师,比璟网络,15k-25k,https://www.zhipin.com/job_detail/0dbd85e624cc2ced1XR82ti5E1o%7E.html?ka=search_list_241
测试工程师,造艺科技,10k-15k,https://www.zhipin.com/job_detail/d4a97e83c84d4a071XRz3NS-F1o%7E.html?ka=search_list_242
扫地机器人研发产品测试工程师,一家大能机器人,8k-12k,https://www.zhipin.com/job_detail/f0fc4e955408d51e1XV52dS-GVo%7E.html?ka=search_list_243
测试工程师,口袋理财,8k-15k,https://www.zhipin.com/job_detail/f04df35ff5c2f8641XV739q5GFs%7E.html?ka=search_list_244
高级测试工程师,上海钢联,8k-16k,https://www.zhipin.com/job_detail/442847bb5c8d57e11XRy2dy6FlY%7E.html?ka=search_list_245
测试工程师,海万科技,7k-13k,https://www.zhipin.com/job_detail/5d1db397019ef73b1n182N-4FVc%7E.html?ka=search_list_246
软件测试工程师,联想利泰,10k-20k,https://www.zhipin.com/job_detail/dc681b53e995eeee1XR909i6E1E%7E.html?ka=search_list_247
测试工程师,文思海辉,7k-14k,https://www.zhipin.com/job_detail/77f7c64e61e0dcbc1nN52965EFQ%7E.html?ka=search_list_248
测试工程师,苗圃网络科技有限公司,8k-12k,https://www.zhipin.com/job_detail/fb29bb8ffcd766741XRz3N24FlE%7E.html?ka=search_list_249
测试工程师,木蚁机器人,3k-6k,https://www.zhipin.com/job_detail/cdcebf6381c22e981XV73tW4E1M%7E.html?ka=search_list_250
核心产品测试工程师,移品,8k-12k,https://www.zhipin.com/job_detail/17aeab50931d92821XV429S6FlM%7E.html?ka=search_list_251
测试工程师,第九城市,10k-20k,https://www.zhipin.com/job_detail/e9238ed91feeb4ba1XV73d28GVU%7E.html?ka=search_list_252
软件测试工程师（2018届毕业）,龙旗科技,6k-10k,https://www.zhipin.com/job_detail/9122a19dd3e8c11d1XV62925F1c%7E.html?ka=search_list_253
软件测试工程师,邦奇,5k-10k,https://www.zhipin.com/job_detail/9d06aa9719f6eedd1nN43t-9ElQ%7E.html?ka=search_list_254
云架构系统软件测试工程师（实习生）,上海微创软件,2k-4k,https://www.zhipin.com/job_detail/f898d846b1bd899e1XV-2N-9FFQ%7E.html?ka=search_list_255
高级测试工程师,六道网,15k-18k,https://www.zhipin.com/job_detail/904a9aefaf3f839a1XV60t24ElQ%7E.html?ka=search_list_256
助理测试工程师,联想利泰,5k-6k,https://www.zhipin.com/job_detail/465300dde1c588091XV-2NW-FFM%7E.html?ka=search_list_257
测试工程师,中骏集团,20k-35k,https://www.zhipin.com/job_detail/61796273824804131XRy2ty7GVc%7E.html?ka=search_list_258
金融银行测试工程师,捷科智诚,7k-14k,https://www.zhipin.com/job_detail/69cb9dc7e7a112251XV-2di5Flo%7E.html?ka=search_list_259
软件测试工程师,上海百胜软件,5k-10k,https://www.zhipin.com/job_detail/64ed051bbcaf5c9f1XV-2di8GFY%7E.html?ka=search_list_260
测试工程师,云族佳,10k-20k,https://www.zhipin.com/job_detail/ef66933b8909f20a1XV43d69E1E%7E.html?ka=search_list_261
测试工程师,智和信息,12k-18k,https://www.zhipin.com/job_detail/504aea8df7b210231XV73Nq_GFM%7E.html?ka=search_list_262
测试工程师,合提信息科技,7k-8k,https://www.zhipin.com/job_detail/76c03e63776bbd991n152928GFM%7E.html?ka=search_list_263
测试工程师,江苏中正检测股份,8k-12k,https://www.zhipin.com/job_detail/49b4c5c7d6aa04d61nN93tW9EVI%7E.html?ka=search_list_264
测试工程师,欣芙科技,6k-8k,https://www.zhipin.com/job_detail/dff1f96001ea11131n1639i_FFs%7E.html?ka=search_list_265
（app）测试工程师,御馔集团,7k-14k,https://www.zhipin.com/job_detail/e7a5872c9240c8921XV729y5EVc%7E.html?ka=search_list_266
系统测试工程师,欧菲车联,8k-12k,https://www.zhipin.com/job_detail/a1c4dbeb8b3774a21XRy3Ny4GFM%7E.html?ka=search_list_267
软件测试工程师,盘古运营,6k-8k,https://www.zhipin.com/job_detail/6a010f4d0216de4f1XRz09y5ElQ%7E.html?ka=search_list_268
APP软件测试工程师,鲁班软件,8k-15k,https://www.zhipin.com/job_detail/18d3545203724e881XRy2dS9FVM%7E.html?ka=search_list_269
测试工程师,上海理想,10k-15k,https://www.zhipin.com/job_detail/9df0b7cfaf8832251XV62d-_EVs%7E.html?ka=search_list_270
测试工程师（实习生）,极盛科技有限公司,4k-6k,https://www.zhipin.com/job_detail/43b926fbf4d280f01XV-2ti4E1Q%7E.html?ka=search_list_271
APP测试工程师,乂学教育,15k-25k,https://www.zhipin.com/job_detail/7be9fee7c3c19e611XRy2928GFc%7E.html?ka=search_list_272
软件测试工程师,能资科技,7k-12k,https://www.zhipin.com/job_detail/5d27d9d67b43ecf71nx809m0ElU%7E.html?ka=search_list_273
中高级测试工程师,商霸,8k-16k,https://www.zhipin.com/job_detail/c3a7d84eff878dad1XRz2ty1FFU%7E.html?ka=search_list_274
软件测试工程师,上海米居,6k-10k,https://www.zhipin.com/job_detail/6c4e29d2a03d78381XV63Nu8ElM%7E.html?ka=search_list_275
软件测试工程师,上海宏鹿信息技术,13k-17k,https://www.zhipin.com/job_detail/a8e3b4f3fa53dd301XR90t27FlI%7E.html?ka=search_list_276
食品微生物测试工程师,Intertek,5k-9k,https://www.zhipin.com/job_detail/3fe4141d770803dc1XV70tu9ElQ%7E.html?ka=search_list_277
高级软件测试工程师,四季教育,7k-14k,https://www.zhipin.com/job_detail/03848f6cde47ea391XRy29u5E1Q%7E.html?ka=search_list_278
中级测试工程师,国信追溯,6k-9k,https://www.zhipin.com/job_detail/8085b9810354deb81XV73Nu0E1s%7E.html?ka=search_list_279
测试工程师,苗圃网络科技有限公司,10k-15k,https://www.zhipin.com/job_detail/58798bee88c8d7231XV73t67F1Y%7E.html?ka=search_list_280
测试工程师,上海春秋国旅,8k-10k,https://www.zhipin.com/job_detail/7eb836541f81bab61XV62960EFA%7E.html?ka=search_list_281
(高级)黑盒测试工程师,Telenav,10k-20k,https://www.zhipin.com/job_detail/99aaf304773c168f1XRy3tu6FFA%7E.html?ka=search_list_282
测试工程师,上海天擎,11k-16k,https://www.zhipin.com/job_detail/4b859faf101796411XR83du-F1Y%7E.html?ka=search_list_283
硬件测试工程师,斐讯技术,10k-15k,https://www.zhipin.com/job_detail/59e1e077dd134ced1XV-2tu4FFM%7E.html?ka=search_list_284
高级测试工程师,票易通,10k-20k,https://www.zhipin.com/job_detail/54b22cf75b1e55df1XRy3dm_E1Q%7E.html?ka=search_list_285
测试工程师,上海雁文,6k-7k,https://www.zhipin.com/job_detail/21777a446c2167481nx42dS7F1A%7E.html?ka=search_list_286
语音测试工程师,点木,30k-50k,https://www.zhipin.com/job_detail/95d98cb19fdea9121nx93dm9ElI%7E.html?ka=search_list_287
测试工程师,米赢文化,6k-10k,https://www.zhipin.com/job_detail/eac06cfaf2cc4b5f1XV639S7ElY%7E.html?ka=search_list_288
大数据测试工程师,Kyligence,10k-20k,https://www.zhipin.com/job_detail/0072b643d03fb8301nx42Ny-FVA%7E.html?ka=search_list_289
中级软件测试工程师,绿岸,6k-9k,https://www.zhipin.com/job_detail/46bbc6c012f68c101XR-0t-6FlI%7E.html?ka=search_list_290
测试工程师,耘申科技,10k-20k,https://www.zhipin.com/job_detail/12ec4c65652342aa1n162d67FFI%7E.html?ka=search_list_291
高级测试工程师,九章云极,15k-25k,https://www.zhipin.com/job_detail/3c7e9cb643741fc81XV72921E1I%7E.html?ka=search_list_292
硬件测试工程师实习生岗位,华勤通讯技术,3k-4k,https://www.zhipin.com/job_detail/7163a071d1ec0c3a1XR42N61FFY%7E.html?ka=search_list_293
测试工程师,悠融资产,10k-20k,https://www.zhipin.com/job_detail/4d3d8fc64e22278f1nJy2925FVo%7E.html?ka=search_list_294
测试工程师,海风教育,9k-17k,https://www.zhipin.com/job_detail/a7d71220ad96fbd91nxy0t69GFY%7E.html?ka=search_list_295
测试工程师,360健康,10k-20k,https://www.zhipin.com/job_detail/45fe1b4d9a52eed91XV63d-0F1o%7E.html?ka=search_list_296
化学测试工程师,Intertek,6k-9k,https://www.zhipin.com/job_detail/ba1cf5129c7e10251XV429W4FVc%7E.html?ka=search_list_297
测试工程师,上海乐蜀网络,4k-7k,https://www.zhipin.com/job_detail/1401b1792687a7841nx_2dW1EVc%7E.html?ka=search_list_298
助理测试工程师,必维国际检验集团,4k-6k,https://www.zhipin.com/job_detail/f81675c4224757331XR729W4GFA%7E.html?ka=search_list_299
硬件测试工程师,上海谷米,6k-10k,https://www.zhipin.com/job_detail/82a104a1ffff64681XV62Ni1GFc%7E.html?ka=search_list_300
